STN,TIME,ALTM,TMPC,DWPC,RELH,DRCT,SPED,VSBK,LCHD,CLHL,MCHD,CLHM,CFRT,WMTR
VECC,2026-01-31 17:30:00,1017.0,19,14,73,360,2,2.6,FEW,10000.0,,,2.0,HZ
VECC,2026-01-31 18:00:00,1017.0,19,14,73,340,2,2.6,FEW,10000.0,,,2.0,HZ
VECC,2026-01-31 18:30:00,1017.0,19,14,73,0,0,2.6,FEW,10000.0,,,2.0,HZ
VECC,2026-01-31 19:00:00,1017.0,19,14,73,0,0,2.6,FEW,10000.0,,,2.0,HZ
VECC,2026-01-31 19:30:00,1016.0,18,14,77,330,2,2.6,FEW,10000.0,,,2.0,HZ
VECC,2026-01-31 20:00:00,1016.0,18,14,77,340,2,2.6,FEW,10000.0,,,2.0,HZ
VECC,2026-01-31 20:30:00,1016.0,17,14,82,10,2,2.6,FEW,10000.0,,,2.0,HZ
VECC,2026-01-31 21:00:00,1016.0,17,13,77,350,3,2.6,FEW,10000.0,,,2.0,HZ
VECC,2026-01-31 21:30:00,1016.0,16,12,77,350,3,2.6,FEW,10000.0,,,2.0,HZ
VECC,2026-01-31 22:00:00,1016.0,16,12,77,360,4,2.3,FEW,10000.0,,,2.0,FG
VECC,2026-01-31 22:30:00,1016.0,15,12,82,360,3,2.3,FEW,10000.0,,,2.0,FG
VECC,2026-01-31 23:00:00,1016.0,15,12,82,350,4,2.3,FEW,10000.0,,,2.0,FG
VECC,2026-01-31 23:30:00,1017.0,14,12,88,350,4,2.3,FEW,10000.0,,,2.0,FG
VECC,2026-02-01 00:00:00,1017.0,15,12,82,350,4,2.3,FEW,10000.0,,,2.0,FG
VECC,2026-02-01 00:30:00,1017.0,14,12,88,360,4,2.2,FEW,10000.0,,,2.0,FG
VECC,2026-02-01 01:00:00,1018.0,15,12,82,360,4,2.0,SCT,10000.0,,,3.0,FG
VECC,2026-02-01 01:30:00,1019.0,15,13,88,360,4,2.0,SCT,10000.0,,,3.0,FG
VECC,2026-02-01 02:00:00,1019.0,16,13,82,360,4,1.8,SCT,10000.0,,,3.0,FG
VECC,2026-02-01 02:30:00,1019.0,17,13,77,350,5,1.8,FEW,2000.0,SCT,10000.0,3.0,FG
VECC,2026-02-01 03:00:00,1020.0,18,13,73,360,5,1.8,FEW,2000.0,SCT,10000.0,3.0,FG
VECC,2026-02-01 03:30:00,1020.0,19,13,68,360,4,2.0,FEW,2000.0,SCT,10000.0,3.0,FG
VECC,2026-02-01 04:00:00,1020.0,21,12,56,350,5,2.5,FEW,2000.0,SCT,10000.0,3.0,HZ
VECC,2026-02-01 04:30:00,1020.0,22,12,53,10,4,2.5,FEW,2000.0,SCT,10000.0,3.0,HZ
VECC,2026-02-01 05:00:00,1020.0,23,12,50,350,4,2.8,FEW,2000.0,SCT,10000.0,3.0,HZ
VECC,2026-02-01 05:30:00,1019.0,23,12,50,340,4,2.8,FEW,2000.0,SCT,10000.0,3.0,HZ
VECC,2026-02-01 06:00:00,1019.0,24,12,47,360,4,2.8,SCT,10000.0,,,3.0,HZ
VECC,2026-02-01 06:30:00,1018.0,24,12,47,350,4,3.2,SCT,10000.0,,,3.0,HZ
VECC,2026-02-01 07:00:00,1018.0,25,11,41,340,4,3.2,FEW,10000.0,,,2.0,HZ
VECC,2026-02-01 07:30:00,1017.0,26,12,42,320,4,3.2,FEW,10000.0,,,2.0,HZ
VECC,2026-02-01 08:00:00,1017.0,26,12,42,350,5,3.2,FEW,10000.0,,,2.0,HZ
VECC,2026-02-01 08:30:00,1016.0,26,12,42,360,4,3.2,FEW,10000.0,,,2.0,HZ
VECC,2026-02-01 09:00:00,1016.0,26,12,42,10,5,3.5,FEW,10000.0,,,2.0,HZ
VECC,2026-02-01 09:30:00,1016.0,26,11,39,360,5,3.5,FEW,10000.0,,,2.0,HZ
VECC,2026-02-01 10:00:00,1016.0,26,11,39,360,5,3.5,FEW,10000.0,,,2.0,HZ
VECC,2026-02-01 10:30:00,1016.0,25,11,41,360,5,3.5,FEW,10000.0,,,2.0,HZ
VECC,2026-02-01 11:00:00,1016.0,25,11,41,350,5,3.2,FEW,10000.0,,,2.0,HZ
VECC,2026-02-01 11:30:00,1016.0,24,11,44,330,4,3.2,FEW,10000.0,,,2.0,HZ
VECC,2026-02-01 12:00:00,1016.0,23,11,47,330,3,3.2,FEW,10000.0,,,2.0,HZ
VECC,2026-02-01 12:30:00,1016.0,23,11,47,310,2,3.2,SCT,10000.0,,,3.0,HZ
VECC,2026-02-01 13:00:00,1017.0,22,11,50,300,3,3.2,SCT,10000.0,,,3.0,HZ
VECC,2026-02-01 13:30:00,1017.0,22,11,50,330,3,3.2,SCT,10000.0,,,3.0,HZ
VECC,2026-02-01 14:00:00,1017.0,22,12,53,330,3,3.2,SCT,10000.0,,,3.0,HZ
VECC,2026-02-01 14:30:00,1017.0,21,12,56,320,3,3.2,SCT,10000.0,,,3.0,HZ
VECC,2026-02-01 15:00:00,1017.0,20,12,60,340,2,3.2,SCT,10000.0,,,3.0,HZ
VECC,2026-02-01 15:30:00,1018.0,20,11,56,330,2,3.2,SCT,10000.0,,,3.0,HZ
VECC,2026-02-01 16:00:00,1018.0,20,11,56,320,3,3.0,SCT,10000.0,,,3.0,HZ
VECC,2026-02-01 16:30:00,1018.0,19,12,64,330,2,2.8,FEW,10000.0,,,2.0,HZ
VECC,2026-02-01 17:00:00,1018.0,19,12,64,320,2,2.8,FEW,10000.0,,,2.0,HZ
VECC,2026-02-01 17:30:00,1018.0,19,12,64,360,2,2.8,FEW,10000.0,,,2.0,HZ
VECC,2026-02-01 18:00:00,1018.0,18,12,68,10,2,2.8,FEW,10000.0,,,2.0,HZ
VECC,2026-02-01 16:00:00,1018.0,20,11,56,320,3,3.0,SCT,10000.0,,,3.0,HZ
VECC,2026-02-01 16:30:00,1018.0,19,12,64,330,2,2.8,FEW,10000.0,,,2.0,HZ
VECC,2026-02-01 17:00:00,1018.0,19,12,64,320,2,2.8,FEW,10000.0,,,2.0,HZ
VECC,2026-02-01 17:30:00,1018.0,19,12,64,360,2,2.8,FEW,10000.0,,,2.0,HZ
VECC,2026-02-01 18:00:00,1018.0,18,12,68,10,2,2.8,FEW,10000.0,,,2.0,HZ
VECC,2026-02-01 18:30:00,1018.0,17,12,72,0,0,2.6,FEW,10000.0,,,2.0,HZ
VECC,2026-02-01 19:00:00,1017.0,17,11,68,20,2,2.6,FEW,10000.0,,,2.0,HZ
VECC,2026-02-01 19:30:00,1017.0,17,12,72,350,2,2.6,FEW,10000.0,,,2.0,HZ
VECC,2026-02-01 20:00:00,1017.0,17,12,72,360,2,2.6,FEW,10000.0,,,2.0,HZ
VECC,2026-02-01 20:30:00,1017.0,17,11,68,350,2,2.6,FEW,10000.0,,,2.0,HZ
VECC,2026-02-01 21:00:00,1017.0,17,10,63,340,2,2.6,FEW,10000.0,,,2.0,HZ
VECC,2026-02-01 21:30:00,1016.0,16,10,68,350,3,2.6,FEW,10000.0,,,2.0,HZ
VECC,2026-02-01 22:00:00,1017.0,16,9,63,350,4,2.6,FEW,10000.0,,,2.0,HZ
VECC,2026-02-01 22:30:00,1017.0,15,9,67,360,3,2.5,FEW,10000.0,,,2.0,HZ
VECC,2026-02-01 23:00:00,1017.0,15,10,72,350,4,2.4,FEW,10000.0,,,2.0,HZ
VECC,2026-02-01 23:30:00,1017.0,15,10,72,350,4,2.4,FEW,10000.0,,,2.0,HZ
VECC,2026-02-02 00:00:00,1017.0,15,11,77,360,4,2.2,FEW,10000.0,,,2.0,FG
VECC,2026-02-02 00:30:00,1017.0,14,12,88,350,4,2.0,FEW,10000.0,,,2.0,FG
VECC,2026-02-02 01:00:00,1018.0,15,12,82,340,4,1.7,FEW,10000.0,,,2.0,FG
VECC,2026-02-02 01:30:00,1018.0,15,12,82,350,2,1.7,FEW,10000.0,,,2.0,FG
VECC,2026-02-02 02:00:00,1019.0,16,14,88,360,2,1.6,FEW,10000.0,,,2.0,FG
VECC,2026-02-02 02:30:00,1019.0,17,13,77,360,2,1.7,FEW,10000.0,,,2.0,FG
VECC,2026-02-02 03:00:00,1019.0,18,13,73,360,3,1.8,FEW,10000.0,,,2.0,FG
VECC,2026-02-02 03:30:00,1019.0,19,13,68,360,5,2.2,FEW,10000.0,,,2.0,HZ
VECC,2026-02-02 04:00:00,1019.0,20,12,60,350,4,2.2,FEW,10000.0,,,2.0,HZ
VECC,2026-02-02 04:30:00,1019.0,21,13,60,350,4,2.4,FEW,10000.0,,,2.0,HZ
VECC,2026-02-02 05:00:00,1019.0,22,13,57,360,3,2.6,FEW,10000.0,,,2.0,HZ
VECC,2026-02-02 05:30:00,1018.0,23,12,50,360,3,2.6,FEW,10000.0,,,2.0,HZ
VECC,2026-02-02 06:00:00,1018.0,24,12,47,350,2,2.8,FEW,10000.0,,,2.0,HZ
VECC,2026-02-02 06:30:00,1017.0,25,10,39,340,3,3.0,FEW,10000.0,,,2.0,HZ
VECC,2026-02-02 07:00:00,1016.0,26,8,32,330,3,3.2,FEW,10000.0,,,2.0,HZ
VECC,2026-02-02 07:30:00,1016.0,26,8,32,290,5,3.2,FEW,10000.0,,,2.0,HZ
VECC,2026-02-02 08:00:00,1015.0,26,7,30,300,4,3.5,FEW,10000.0,,,2.0,HZ
VECC,2026-02-02 08:30:00,1015.0,27,7,28,320,4,3.5,FEW,10000.0,,,2.0,HZ
VECC,2026-02-02 09:00:00,1015.0,27,7,28,340,4,3.5,FEW,10000.0,,,2.0,HZ
VECC,2026-02-02 09:30:00,1015.0,27,5,24,310,3,3.5,FEW,10000.0,,,2.0,HZ
VECC,2026-02-02 10:00:00,1015.0,27,5,24,320,3,3.5,FEW,10000.0,,,2.0,HZ
VECC,2026-02-02 10:30:00,1015.0,26,4,24,320,4,3.5,FEW,10000.0,,,2.0,HZ
VECC,2026-02-02 11:00:00,1015.0,26,4,24,340,3,3.5,FEW,10000.0,,,2.0,HZ
VECC,2026-02-02 11:30:00,1015.0,25,5,28,330,3,3.5,FEW,10000.0,,,2.0,HZ
VECC,2026-02-02 12:00:00,1015.0,24,5,29,340,3,3.5,FEW,10000.0,,,2.0,HZ
VECC,2026-02-02 12:30:00,1015.0,23,6,33,350,2,3.5,FEW,10000.0,,,2.0,HZ
VECC,2026-02-02 13:00:00,1016.0,23,6,33,350,2,3.5,FEW,10000.0,,,2.0,HZ
VECC,2026-02-02 13:30:00,1016.0,22,5,33,330,2,3.5,FEW,10000.0,,,2.0,HZ
VECC,2026-02-02 14:00:00,1016.0,22,5,33,0,0,3.5,FEW,10000.0,,,2.0,HZ
VECC,2026-02-02 14:30:00,1017.0,21,8,43,360,2,3.5,FEW,10000.0,,,2.0,HZ
VECC,2026-02-02 15:00:00,1017.0,21,8,43,360,2,3.5,FEW,10000.0,,,2.0,HZ
VECC,2026-02-02 15:30:00,1017.0,21,7,40,360,2,3.5,FEW,10000.0,,,2.0,HZ
VECC,2026-02-02 16:00:00,1017.0,20,8,46,30,2,3.2,FEW,10000.0,,,2.0,HZ
VECC,2026-02-02 16:30:00,1017.0,20,8,46,20,2,3.2,FEW,10000.0,,,2.0,HZ
VECC,2026-02-12 14:30:00,1014.0,23,10,44,360,2,3.5,,,,,,HZ
VECC,2026-02-12 15:00:00,1015.0,23,11,47,20,2,3.5,,,,,,HZ
VECC,2026-02-12 15:30:00,1015.0,23,11,47,100,2,3.5,,,,,,HZ
VECC,2026-02-12 16:00:00,1015.0,23,10,44,0,0,3.5,,,,,,HZ
VECC,2026-02-12 16:30:00,1015.0,21,12,56,0,0,3.2,,,,,,HZ
VECC,2026-02-12 17:00:00,1015.0,20,12,60,0,0,3.2,,,,,,HZ
VECC,2026-02-12 17:30:00,1015.0,20,12,60,0,0,2.8,,,,,,HZ
VECC,2026-02-12 18:00:00,1015.0,20,13,64,340,2,2.8,,,,,,HZ
VECC,2026-02-12 18:30:00,1015.0,20,12,60,350,2,2.8,,,,,,HZ
VECC,2026-02-12 19:00:00,1015.0,20,12,60,0,0,2.8,,,,,,HZ
VECC,2026-02-12 19:30:00,1015.0,20,12,60,340,2,2.8,,,,,,HZ
VECC,2026-02-12 20:00:00,1014.0,19,13,68,40,2,2.8,,,,,,HZ
VECC,2026-02-12 20:30:00,1014.0,19,13,68,360,2,2.8,,,,,,HZ
VECC,2026-02-12 21:00:00,1014.0,17,13,77,360,3,2.8,,,,,,HZ
VECC,2026-02-12 21:30:00,1014.0,17,13,77,10,2,2.8,,,,,,HZ
VECC,2026-02-12 22:00:00,1013.0,17,13,77,0,0,2.8,,,,,,HZ
VECC,2026-02-12 22:30:00,1013.0,17,13,77,0,0,2.8,,,,,,HZ
VECC,2026-02-12 23:00:00,1014.0,17,13,77,10,2,2.6,,,,,,HZ
VECC,2026-02-12 23:30:00,1014.0,16,13,82,10,2,2.6,,,,,,HZ
VECC,2026-02-13 00:00:00,1014.0,17,13,77,0,0,2.5,,,,,,HZ
VECC,2026-02-13 00:30:00,1015.0,17,13,77,0,0,2.2,,,,,,FG
VECC,2026-02-13 01:00:00,1015.0,17,13,77,0,0,2.0,,,,,,FG
VECC,2026-02-13 01:30:00,1016.0,18,13,73,280,2,2.0,,,,,,FG
VECC,2026-02-13 02:00:00,1016.0,19,12,64,260,2,2.0,,,,,,HZ
VECC,2026-02-13 02:30:00,1017.0,20,13,64,280,2,2.0,,,,,,HZ
VECC,2026-02-13 03:00:00,1017.0,21,12,56,290,3,2.0,,,,,,HZ
VECC,2026-02-13 03:30:00,1017.0,22,12,53,290,3,2.2,,,,,,HZ
VECC,2026-02-13 04:00:00,1017.0,23,12,50,310,3,2.4,,,,,,HZ
VECC,2026-02-13 04:30:00,1017.0,24,12,47,310,3,2.4,,,,,,HZ
VECC,2026-02-13 05:00:00,1017.0,25,12,44,300,4,2.4,,,,,,HZ
VECC,2026-02-13 05:30:00,1016.0,26,12,42,340,5,2.6,,,,,,HZ
VECC,2026-02-13 06:00:00,1015.0,26,12,42,340,5,2.8,,,,,,HZ
VECC,2026-02-13 06:30:00,1015.0,27,11,37,350,6,3.5,,,,,,HZ
VECC,2026-02-13 07:00:00,1014.0,27,10,34,350,5,4.0,,,,,,HZ
VECC,2026-02-13 07:30:00,1014.0,28,11,35,350,5,4.5,FEW,10000.0,,,2.0,HZ
VECC,2026-02-13 08:00:00,1013.0,28,10,32,330,4,4.5,FEW,10000.0,,,2.0,HZ
VECC,2026-02-13 08:30:00,1013.0,28,10,32,330,5,4.5,,,,,,HZ
VECC,2026-02-13 09:00:00,1013.0,28,9,30,340,5,4.5,,,,,,HZ
VECC,2026-02-13 09:30:00,1013.0,27,9,32,330,5,4.5,,,,,,HZ
VECC,2026-02-13 10:00:00,1013.0,27,8,30,310,5,4.0,,,,,,HZ
VECC,2026-02-13 10:30:00,1012.0,27,9,32,310,6,4.0,,,,,,HZ
VECC,2026-02-13 11:00:00,1012.0,27,9,32,310,5,4.0,,,,,,HZ
VECC,2026-02-13 11:30:00,1012.0,26,9,34,310,5,4.0,,,,,,HZ
VECC,2026-02-13 12:00:00,1012.0,25,9,36,310,3,4.0,,,,,,HZ
VECC,2026-02-13 12:30:00,1013.0,25,9,36,310,2,3.5,,,,,,HZ
VECC,2026-02-13 13:00:00,1013.0,24,10,41,330,3,3.5,,,,,,HZ
VECC,2026-02-13 13:30:00,1014.0,23,10,44,330,3,3.5,,,,,,HZ
VECC,2026-02-13 14:00:00,1014.0,23,10,44,360,2,3.5,,,,,,HZ
VECC,2026-02-13 14:30:00,1014.0,23,10,44,20,2,3.5,,,,,,HZ
VECC,2026-02-13 15:00:00,1014.0,22,10,46,30,2,3.5,,,,,,HZ
VECC,2026-02-13 14:30:00,1014.0,23,10,44,20,2,3.5,,,,,,HZ
VECC,2026-02-13 15:00:00,1014.0,22,10,46,30,2,3.5,,,,,,HZ
VECC,2026-02-13 15:30:00,1014.0,22,10,46,20,2,3.2,,,,,,HZ
VECC,2026-02-13 16:00:00,1014.0,21,11,53,0,0,3.2,,,,,,HZ
VECC,2026-02-13 16:30:00,1015.0,20,11,56,0,0,3.2,,,,,,HZ
VECC,2026-02-13 17:00:00,1014.0,20,11,56,0,0,3.2,,,,,,HZ
VECC,2026-02-13 17:30:00,1014.0,20,12,60,0,0,2.8,,,,,,HZ
VECC,2026-02-13 18:00:00,1014.0,20,12,60,290,2,2.8,,,,,,HZ
VECC,2026-02-13 18:30:00,1014.0,20,12,60,330,2,2.8,,,,,,HZ
VECC,2026-02-13 19:00:00,1014.0,20,12,60,300,2,2.8,,,,,,HZ
VECC,2026-02-13 19:30:00,1014.0,19,12,64,20,3,2.8,,,,,,HZ
VECC,2026-02-13 20:00:00,1013.0,18,12,68,360,3,2.8,,,,,,HZ
VECC,2026-02-13 20:30:00,1013.0,18,12,68,330,4,2.6,,,,,,HZ
VECC,2026-02-13 21:00:00,1013.0,18,12,68,350,2,2.6,,,,,,HZ
VECC,2026-02-13 21:30:00,1013.0,18,12,68,310,2,2.6,,,,,,HZ
VECC,2026-02-13 22:00:00,1013.0,17,12,72,0,0,2.6,,,,,,HZ
VECC,2026-02-13 22:30:00,1012.0,17,12,72,0,0,2.6,,,,,,HZ
VECC,2026-02-13 23:00:00,1013.0,17,12,72,0,0,2.5,,,,,,HZ
VECC,2026-02-13 23:30:00,1013.0,16,13,82,200,2,2.4,,,,,,FG
VECC,2026-02-14 00:00:00,1013.0,15,13,88,250,2,2.2,,,,,,FG
VECC,2026-02-14 00:30:00,1013.0,16,13,82,0,0,2.0,,,,,,FG
VECC,2026-02-14 01:00:00,1014.0,17,13,77,0,0,1.8,,,,,,FG
VECC,2026-02-14 01:30:00,1014.0,18,14,77,0,0,1.8,,,,,,FG
VECC,2026-02-14 02:00:00,1015.0,19,14,73,290,2,1.8,,,,,,FG
VECC,2026-02-14 02:30:00,1015.0,21,13,60,300,2,2.0,,,,,,HZ
VECC,2026-02-14 03:00:00,1015.0,22,12,53,310,2,2.4,,,,,,HZ
VECC,2026-02-14 03:30:00,1016.0,23,12,50,310,2,2.6,,,,,,HZ
VECC,2026-02-14 04:00:00,1016.0,24,12,47,300,3,2.8,,,,,,HZ
VECC,2026-02-14 04:30:00,1016.0,25,12,44,300,3,2.8,,,,,,HZ
VECC,2026-02-14 05:00:00,1015.0,26,12,42,290,3,3.2,,,,,,HZ
VECC,2026-02-14 05:30:00,1015.0,26,11,39,280,5,3.2,,,,,,HZ
VECC,2026-02-14 06:00:00,1014.0,26,10,37,280,5,3.5,,,,,,HZ
VECC,2026-02-14 06:30:00,1014.0,27,9,32,310,5,3.5,,,,,,HZ
VECC,2026-02-14 07:00:00,1013.0,27,9,32,310,5,3.5,,,,,,HZ
VECC,2026-02-14 07:30:00,1013.0,27,9,32,300,4,3.5,,,,,,HZ
VECC,2026-02-14 08:00:00,1012.0,28,9,30,270,4,4.0,,,,,,HZ
VECC,2026-02-14 08:30:00,1012.0,28,9,30,330,5,4.5,,,,,,HZ
VECC,2026-02-14 09:00:00,1011.0,28,9,30,320,5,5.0,,,,,,HZ
VECC,2026-02-14 09:30:00,1011.0,28,8,28,300,5,5.0,,,,,,HZ
VECC,2026-02-14 10:00:00,1011.0,28,9,30,290,5,5.0,,,,,,HZ
VECC,2026-02-14 10:30:00,1011.0,27,9,32,290,4,5.0,,,,,,HZ
VECC,2026-02-14 11:00:00,1011.0,27,9,32,270,3,5.0,,,,,,HZ
VECC,2026-02-14 11:30:00,1011.0,26,10,37,290,3,4.0,,,,,,HZ
VECC,2026-02-14 12:00:00,1011.0,26,10,37,280,2,3.5,,,,,,HZ
VECC,2026-02-14 12:30:00,1011.0,26,10,37,330,2,3.5,,,,,,HZ
VECC,2026-02-14 13:00:00,1011.0,24,11,44,50,3,3.5,,,,,,HZ
VECC,2026-02-14 13:30:00,1012.0,24,11,44,40,3,3.5,,,,,,HZ
VECC,2026-02-14 14:00:00,1012.0,23,12,50,30,3,3.5,,,,,,HZ
VECC,2026-02-14 14:30:00,1012.0,22,12,53,20,2,3.5,,,,,,HZ
VECC,2026-02-14 15:00:00,1012.0,22,12,53,90,2,3.5,,,,,,HZ
VECC,2026-02-14 14:30:00,1012.0,22,12,53,20,2,3.5,,,,,,HZ
VECC,2026-02-14 15:00:00,1012.0,22,12,53,90,2,3.5,,,,,,HZ
VECC,2026-02-14 15:30:00,1012.0,22,12,53,50,3,3.5,,,,,,HZ
VECC,2026-02-14 16:00:00,1012.0,22,12,53,0,0,3.5,,,,,,HZ
VECC,2026-02-14 16:30:00,1013.0,22,11,50,0,0,3.5,,,,,,HZ
VECC,2026-02-14 17:00:00,1013.0,22,12,53,180,2,3.5,,,,,,HZ
VECC,2026-02-14 17:30:00,1013.0,22,12,53,180,2,3.5,,,,,,HZ
VECC,2026-02-14 18:00:00,1012.0,21,12,56,0,0,3.2,,,,,,HZ
VECC,2026-02-14 18:30:00,1012.0,20,12,60,0,0,3.0,,,,,,HZ
VECC,2026-02-14 19:00:00,1012.0,20,13,64,280,2,3.0,,,,,,HZ
VECC,2026-02-14 19:30:00,1012.0,20,13,64,280,2,2.8,,,,,,HZ
VECC,2026-02-14 20:00:00,1012.0,19,13,68,0,0,2.6,,,,,,HZ
VECC,2026-02-14 20:30:00,1012.0,19,14,73,0,0,2.6,,,,,,HZ
VECC,2026-02-14 21:00:00,1012.0,19,14,73,0,0,2.6,,,,,,HZ
VECC,2026-02-14 21:30:00,1012.0,17,14,82,10,3,2.6,,,,,,HZ
VECC,2026-02-14 22:00:00,1012.0,17,14,82,0,0,2.6,,,,,,HZ
VECC,2026-02-14 22:30:00,1012.0,17,14,82,0,0,2.4,,,,,,FG
VECC,2026-02-14 23:00:00,1013.0,16,14,88,90,2,2.2,,,,,,FG
VECC,2026-02-14 23:30:00,1013.0,16,14,88,0,0,2.2,,,,,,FG
VECC,2026-02-15 00:00:00,1013.0,16,15,94,0,0,2.2,,,,,,FG
VECC,2026-02-15 00:30:00,1013.0,17,13,77,0,0,1.6,,,,,,FG
VECC,2026-02-15 01:00:00,1014.0,16,14,88,0,0,1.5,,,,,,FG
VECC,2026-02-15 01:30:00,1014.0,17,15,88,0,0,1.5,,,,,,FG
VECC,2026-02-15 02:00:00,1014.0,19,15,78,0,0,1.5,,,,,,FG
VECC,2026-02-15 02:30:00,1015.0,20,13,64,0,0,2.0,,,,,,FG
VECC,2026-02-15 03:00:00,1015.0,22,12,53,80,2,2.6,,,,,,HZ
VECC,2026-02-15 03:30:00,1015.0,23,11,47,60,2,2.8,,,,,,HZ
VECC,2026-02-15 04:00:00,1016.0,24,10,41,80,2,3.2,,,,,,HZ
VECC,2026-02-15 04:30:00,1015.0,26,11,39,60,2,3.4,,,,,,HZ
VECC,2026-02-15 05:00:00,1015.0,26,11,39,70,2,3.6,,,,,,HZ
VECC,2026-02-15 05:30:00,1015.0,27,11,37,10,2,3.8,,,,,,HZ
VECC,2026-02-15 06:00:00,1014.0,27,11,37,310,2,4.0,,,,,,HZ
VECC,2026-02-15 06:30:00,1014.0,28,11,35,350,3,4.0,,,,,,HZ
VECC,2026-02-15 07:00:00,1013.0,28,10,32,330,3,4.0,,,,,,HZ
VECC,2026-02-15 07:30:00,1012.0,28,10,32,290,3,4.0,,,,,,HZ
VECC,2026-02-15 08:00:00,1012.0,29,8,27,340,5,4.5,,,,,,HZ
VECC,2026-02-15 08:30:00,1012.0,29,9,29,290,4,5.0,,,,,,HZ
VECC,2026-02-15 09:00:00,1011.0,29,9,29,300,5,5.0,,,,,,HZ
VECC,2026-02-15 09:30:00,1011.0,28,9,30,300,5,5.0,,,,,,HZ
VECC,2026-02-15 10:00:00,1011.0,28,11,35,340,3,4.5,,,,,,HZ
VECC,2026-02-15 10:30:00,1011.0,28,11,35,340,5,4.5,,,,,,HZ
VECC,2026-02-15 11:00:00,1011.0,27,11,37,340,3,4.0,,,,,,HZ
VECC,2026-02-15 11:30:00,1011.0,27,11,37,320,3,4.0,,,,,,HZ
VECC,2026-02-15 12:00:00,1011.0,27,10,34,310,3,4.0,,,,,,HZ
VECC,2026-02-15 12:30:00,1011.0,26,9,34,320,3,3.5,,,,,,HZ
VECC,2026-02-15 13:00:00,1011.0,25,11,41,350,2,3.5,,,,,,HZ
VECC,2026-02-15 13:30:00,1012.0,25,11,41,360,2,3.5,,,,,,HZ
VECC,2026-02-15 14:00:00,1012.0,24,12,47,20,2,3.5,,,,,,HZ
VECC,2026-02-15 14:30:00,1013.0,23,12,50,20,2,3.5,,,,,,HZ
VECC,2026-02-15 15:00:00,1013.0,22,12,53,360,2,3.5,,,,,,HZ
VECC,2026-02-15 14:30:00,1013.0,23,12,50,20,2,3.5,,,,,,HZ
VECC,2026-02-15 15:00:00,1013.0,22,12,53,360,2,3.5,,,,,,HZ
VECC,2026-02-15 15:30:00,1013.0,22,11,50,360,3,3.5,,,,,,HZ
VECC,2026-02-15 16:00:00,1013.0,21,11,53,360,2,3.5,,,,,,HZ
VECC,2026-02-15 16:30:00,1013.0,21,11,53,0,0,3.5,,,,,,HZ
VECC,2026-02-15 17:00:00,1013.0,20,11,56,0,0,3.5,,,,,,HZ
VECC,2026-02-15 17:30:00,1013.0,19,12,64,0,0,3.2,,,,,,HZ
VECC,2026-02-15 18:00:00,1013.0,19,12,64,0,0,3.2,,,,,,HZ
VECC,2026-02-15 18:30:00,1013.0,19,12,64,0,0,3.2,,,,,,HZ
VECC,2026-02-15 19:00:00,1013.0,19,12,64,0,0,3.2,,,,,,HZ
VECC,2026-02-15 19:30:00,1013.0,18,13,73,0,0,3.2,,,,,,HZ
VECC,2026-02-15 20:00:00,1013.0,18,13,73,340,2,3.2,,,,,,HZ
VECC,2026-02-15 20:30:00,1013.0,18,12,68,0,0,3.2,,,,,,HZ
VECC,2026-02-15 21:00:00,1013.0,18,12,68,0,0,3.2,,,,,,HZ
VECC,2026-02-15 21:30:00,1013.0,18,12,68,10,3,3.2,,,,,,HZ
VECC,2026-02-15 22:00:00,1013.0,18,14,77,340,2,2.8,,,,,,HZ
VECC,2026-02-15 22:30:00,1013.0,18,13,73,340,2,2.6,,,,,,HZ
VECC,2026-02-15 23:00:00,1013.0,18,13,73,340,2,2.6,,,,,,HZ
VECC,2026-02-15 23:30:00,1013.0,18,13,73,350,2,2.6,,,,,,HZ
VECC,2026-02-16 00:00:00,1013.0,16,12,77,350,2,2.2,,,,,,FG
VECC,2026-02-16 00:30:00,1014.0,16,12,77,360,2,2.0,,,,,,FG
VECC,2026-02-16 01:00:00,1014.0,16,12,77,360,2,2.2,,,,,,FG
VECC,2026-02-16 01:30:00,1015.0,18,12,68,360,2,2.2,,,,,,HZ
VECC,2026-02-16 02:00:00,1015.0,19,13,68,0,0,2.2,,,,,,HZ
VECC,2026-02-16 02:30:00,1015.0,21,12,56,30,2,2.3,,,,,,HZ
VECC,2026-02-16 03:00:00,1016.0,22,13,57,20,2,2.4,,,,,,HZ
VECC,2026-02-16 03:30:00,1016.0,23,13,53,50,3,2.5,,,,,,HZ
VECC,2026-02-16 04:00:00,1016.0,25,13,47,20,3,2.6,,,,,,HZ
VECC,2026-02-16 04:30:00,1016.0,25,12,44,30,3,2.8,,,,,,HZ
VECC,2026-02-16 05:00:00,1016.0,26,13,45,360,3,3.2,,,,,,HZ
VECC,2026-02-16 05:30:00,1015.0,26,13,45,350,3,3.5,,,,,,HZ
VECC,2026-02-16 06:00:00,1015.0,27,12,39,350,4,3.5,,,,,,HZ
VECC,2026-02-16 06:30:00,1014.0,27,11,37,320,2,4.0,,,,,,HZ
VECC,2026-02-16 07:00:00,1014.0,27,10,34,300,4,4.0,,,,,,HZ
VECC,2026-02-16 07:30:00,1013.0,28,10,32,300,5,4.5,,,,,,HZ
VECC,2026-02-16 08:00:00,1013.0,28,11,35,300,4,4.8,,,,,,HZ
VECC,2026-02-16 08:30:00,1012.0,28,11,35,330,5,5.0,,,,,,HZ
VECC,2026-02-16 09:00:00,1012.0,28,9,30,330,6,5.0,,,,,,HZ
VECC,2026-02-16 09:30:00,1011.0,28,10,32,310,5,5.0,,,,,,HZ
VECC,2026-02-16 10:00:00,1011.0,28,9,30,340,6,5.0,,,,,,HZ
VECC,2026-02-16 10:30:00,1011.0,27,8,30,320,5,4.5,,,,,,HZ
VECC,2026-02-16 11:00:00,1011.0,27,8,30,320,5,4.0,,,,,,HZ
VECC,2026-02-16 11:30:00,1011.0,26,8,32,330,5,4.0,,,,,,HZ
VECC,2026-02-16 11:59:00,1011.0,25,8,34,330,4,4.0,,,,,,HZ
VECC,2026-02-16 12:30:00,1012.0,25,9,36,320,3,3.5,,,,,,HZ
VECC,2026-02-16 13:00:00,1012.0,25,11,41,310,3,3.5,,,,,,HZ
VECC,2026-02-16 13:30:00,1012.0,25,11,41,310,3,3.5,,,,,,HZ
VECC,2026-02-16 14:00:00,1012.0,24,11,44,340,3,3.5,,,,,,HZ
VECC,2026-02-16 14:30:00,1013.0,23,11,47,350,2,3.5,,,,,,HZ
VECC,2026-02-16 15:00:00,1013.0,23,12,50,10,3,3.5,,,,,,HZ
VECC,2026-02-16 14:30:00,1013.0,23,11,47,350,2,3.5,,,,,,HZ
VECC,2026-02-16 15:00:00,1013.0,23,12,50,10,3,3.5,,,,,,HZ
VECC,2026-02-16 15:30:00,1013.0,22,12,53,10,2,3.2,,,,,,HZ
VECC,2026-02-16 16:00:00,1013.0,22,13,57,10,2,3.2,,,,,,HZ
VECC,2026-02-16 16:30:00,1014.0,21,13,60,20,2,3.2,,,,,,HZ
VECC,2026-02-16 17:00:00,1014.0,21,13,60,10,2,3.0,,,,,,HZ
VECC,2026-02-16 17:30:00,1014.0,21,13,60,20,2,2.8,,,,,,HZ
VECC,2026-02-16 18:00:00,1014.0,20,13,64,30,2,2.8,,,,,,HZ
VECC,2026-02-16 18:30:00,1014.0,21,13,60,350,2,2.8,,,,,,HZ
VECC,2026-02-16 19:00:00,1013.0,20,13,64,0,0,2.8,,,,,,HZ
VECC,2026-02-16 19:30:00,1013.0,20,13,64,0,0,2.8,,,,,,HZ
VECC,2026-02-16 20:00:00,1013.0,19,13,68,0,0,2.6,,,,,,HZ
VECC,2026-02-16 20:30:00,1013.0,18,13,73,330,2,2.6,,,,,,HZ
VECC,2026-02-16 21:00:00,1013.0,18,13,73,360,2,2.6,,,,,,HZ
VECC,2026-02-16 21:30:00,1012.0,18,13,73,360,2,2.6,,,,,,HZ
VECC,2026-02-16 22:00:00,1012.0,18,14,77,350,2,2.6,,,,,,HZ
VECC,2026-02-16 22:30:00,1012.0,18,13,73,350,2,2.6,,,,,,HZ
VECC,2026-02-16 23:00:00,1013.0,19,14,73,310,3,2.6,,,,,,HZ
VECC,2026-02-16 23:30:00,1013.0,19,13,68,300,3,2.5,,,,,,HZ
VECC,2026-02-17 00:00:00,1013.0,18,14,77,280,3,2.4,,,,,,FG
VECC,2026-02-17 00:30:00,1014.0,18,14,77,290,3,2.2,,,,,,FG
VECC,2026-02-17 01:00:00,1014.0,17,14,82,290,3,2.0,,,,,,FG
VECC,2026-02-17 01:30:00,1014.0,18,14,77,290,2,2.0,,,,,,FG
VECC,2026-02-17 02:00:00,1015.0,19,15,78,300,2,1.6,,,,,,FG
VECC,2026-02-17 02:30:00,1015.0,21,14,64,320,3,1.7,,,,,,FU
VECC,2026-02-17 03:00:00,1015.0,22,14,60,330,4,2.3,,,,,,HZ
VECC,2026-02-17 03:30:00,1016.0,23,14,57,330,4,2.3,,,,,,HZ
VECC,2026-02-17 04:00:00,1016.0,24,15,57,320,3,2.3,,,,,,HZ
VECC,2026-02-17 04:30:00,1016.0,25,15,54,350,4,2.5,,,,,,HZ
VECC,2026-02-17 05:00:00,1015.0,26,15,51,310,4,2.5,,,,,,HZ
VECC,2026-02-17 05:30:00,1015.0,26,14,48,330,4,2.8,,,,,,HZ
VECC,2026-02-17 06:00:00,1014.0,27,14,45,330,5,2.8,,,,,,HZ
VECC,2026-02-17 06:30:00,1013.0,27,14,45,330,4,2.8,,,,,,HZ
VECC,2026-02-17 07:00:00,1012.0,28,12,37,320,5,2.8,,,,,,HZ
VECC,2026-02-17 07:30:00,1012.0,28,9,30,330,5,3.5,,,,,,HZ
VECC,2026-02-17 08:00:00,1012.0,29,10,31,10,5,4.0,,,,,,HZ
VECC,2026-02-17 08:30:00,1011.0,29,10,31,350,5,4.0,,,,,,HZ
VECC,2026-02-17 09:00:00,1011.0,29,9,29,340,5,4.0,,,,,,HZ
VECC,2026-02-17 09:30:00,1011.0,29,10,31,340,4,4.0,,,,,,HZ
VECC,2026-02-17 10:00:00,1011.0,29,9,29,350,5,4.0,,,,,,HZ
VECC,2026-02-17 10:30:00,1011.0,29,10,31,350,5,3.5,,,,,,HZ
VECC,2026-02-17 11:00:00,1011.0,28,11,35,340,5,3.5,,,,,,HZ
VECC,2026-02-17 11:30:00,1011.0,28,12,37,330,4,3.5,,,,,,HZ
VECC,2026-02-17 12:00:00,1011.0,27,13,42,300,4,3.5,,,,,,HZ
VECC,2026-02-17 12:30:00,1011.0,26,12,42,300,3,3.5,,,,,,HZ
VECC,2026-02-17 13:00:00,1011.0,26,12,42,300,3,3.5,,,,,,HZ
VECC,2026-02-17 13:30:00,1012.0,26,12,42,280,2,3.5,,,,,,HZ
VECC,2026-02-17 14:00:00,1012.0,25,12,44,280,3,3.5,,,,,,HZ
VECC,2026-02-17 14:30:00,1012.0,24,12,47,280,3,3.5,,,,,,HZ
VECC,2026-02-17 15:00:00,1012.0,24,12,47,270,3,3.2,,,,,,HZ
VECC,2026-01-20 17:30:00,1014.0,18,13,73,0,0,2.6,,,,,,HZ
VECC,2026-01-20 18:00:00,1014.0,17,14,82,0,0,2.2,,,,,,FG
VECC,2026-01-20 18:30:00,1014.0,17,14,82,0,0,2.2,,,,,,FG
VECC,2026-01-20 19:00:00,1014.0,17,14,82,0,0,2.2,,,,,,FG
VECC,2026-01-20 19:30:00,1014.0,17,14,82,0,0,2.2,,,,,,FG
VECC,2026-01-20 20:00:00,1014.0,16,14,88,0,0,2.0,,,,,,FG
VECC,2026-01-20 20:30:00,1014.0,16,14,88,0,0,2.0,,,,,,FG
VECC,2026-01-20 21:00:00,1013.0,16,14,88,0,0,1.8,,,,,,FG
VECC,2026-01-20 21:30:00,1013.0,16,14,88,0,0,1.8,,,,,,FG
VECC,2026-01-20 22:00:00,1013.0,16,14,88,0,0,1.7,,,,,,FG
VECC,2026-01-20 22:30:00,1014.0,16,14,88,340,2,1.7,,,,,,FG
VECC,2026-01-20 23:00:00,1014.0,16,14,88,0,0,1.6,,,,,,FG
VECC,2026-01-20 23:30:00,1014.0,16,14,88,0,0,1.5,,,,,,FG
VECC,2026-01-21 00:00:00,1014.0,15,14,94,360,4,1.4,,,,,,FG
VECC,2026-01-21 00:30:00,1015.0,15,13,88,360,3,1.4,,,,,,FG
VECC,2026-01-21 01:00:00,1015.0,15,13,88,360,3,1.2,,,,,,FG
VECC,2026-01-21 01:30:00,1016.0,15,13,88,350,2,1.0,,,,,,FG
VECC,2026-01-21 02:00:00,1016.0,16,13,82,360,2,1.0,,,,,,FG
VECC,2026-01-21 02:30:00,1017.0,17,14,82,350,3,1.2,,,,,,FG
VECC,2026-01-21 03:00:00,1017.0,19,14,73,350,3,1.4,,,,,,FG
VECC,2026-01-21 03:30:00,1018.0,20,14,68,360,3,1.6,,,,,,FG
VECC,2026-01-21 04:00:00,1018.0,21,13,60,30,3,1.8,,,,,,HZ
VECC,2026-01-21 04:30:00,1018.0,23,13,53,40,3,2.4,,,,,,HZ
VECC,2026-01-21 05:00:00,1017.0,24,13,50,50,2,2.4,,,,,,HZ
VECC,2026-01-21 05:30:00,1017.0,25,13,47,50,3,2.6,,,,,,HZ
VECC,2026-01-21 06:00:00,1016.0,25,13,47,360,3,2.6,,,,,,HZ
VECC,2026-01-21 06:30:00,1016.0,26,13,45,340,4,2.6,,,,,,HZ
VECC,2026-01-21 07:00:00,1015.0,26,13,45,340,3,2.8,,,,,,HZ
VECC,2026-01-21 07:30:00,1015.0,27,12,39,300,2,2.8,,,,,,HZ
VECC,2026-01-21 08:00:00,1014.0,27,12,39,320,2,3.2,,,,,,HZ
VECC,2026-01-21 08:30:00,1014.0,27,12,39,330,2,3.2,,,,,,HZ
VECC,2026-01-21 09:00:00,1014.0,27,11,37,320,3,3.2,,,,,,HZ
VECC,2026-01-21 09:30:00,1013.0,27,11,37,320,3,3.2,,,,,,HZ
VECC,2026-01-21 10:00:00,1013.0,27,12,39,310,3,3.0,,,,,,HZ
VECC,2026-01-21 10:30:00,1013.0,27,12,39,350,3,3.0,,,,,,HZ
VECC,2026-01-21 11:00:00,1013.0,26,13,45,10,3,3.0,,,,,,HZ
VECC,2026-01-21 11:30:00,1014.0,25,13,47,10,2,3.0,,,,,,HZ
VECC,2026-01-21 12:00:00,1014.0,24,13,50,350,3,2.8,,,,,,HZ
VECC,2026-01-21 12:30:00,1014.0,23,13,53,350,2,2.8,,,,,,HZ
VECC,2026-01-21 13:00:00,1014.0,22,13,57,10,2,2.8,,,,,,HZ
VECC,2026-01-21 13:30:00,1015.0,22,14,60,0,0,2.8,,,,,,HZ
VECC,2026-01-21 14:00:00,1015.0,21,14,64,350,2,2.8,,,,,,HZ
VECC,2026-01-21 14:30:00,1015.0,21,14,64,50,2,2.5,,,,,,HZ
VECC,2026-01-21 15:00:00,1016.0,21,14,64,0,0,2.4,,,,,,HZ
VECC,2026-01-21 15:30:00,1016.0,21,14,64,0,0,2.4,,,,,,HZ
VECC,2026-01-21 16:00:00,1016.0,21,14,64,0,0,2.2,,,,,,HZ
VECC,2026-01-21 16:30:00,1016.0,21,14,64,0,0,2.2,,,,,,HZ
VECC,2026-01-21 17:00:00,1016.0,21,17,78,0,0,2.2,,,,,,HZ
VECC,2026-01-21 17:30:00,1016.0,20,14,68,0,0,2.2,,,,,,HZ
VECC,2026-01-21 18:00:00,1016.0,20,12,60,0,0,2.2,,,,,,HZ
VECC,2026-01-21 17:30:00,1016.0,20,14,68,0,0,2.2,,,,,,HZ
VECC,2026-01-21 18:00:00,1016.0,20,12,60,0,0,2.2,,,,,,HZ
VECC,2026-01-21 18:30:00,1016.0,19,14,73,0,0,2.2,,,,,,HZ
VECC,2026-01-21 19:00:00,1016.0,19,14,73,360,4,2.1,,,,,,HZ
VECC,2026-01-21 19:24:00,1016.0,18,14,77,360,5,2.1,,,,,,HZ
VECC,2026-01-21 19:30:00,1016.0,18,14,77,360,5,2.1,,,,,,HZ
VECC,2026-01-21 20:00:00,1015.0,18,14,77,10,2,2.0,,,,,,HZ
VECC,2026-01-21 20:30:00,1015.0,18,13,73,10,2,2.0,,,,,,FG
VECC,2026-01-21 21:00:00,1015.0,18,12,68,20,2,2.3,,,,,,HZ
VECC,2026-01-21 21:30:00,1016.0,18,12,68,350,3,2.3,,,,,,HZ
VECC,2026-01-21 22:00:00,1016.0,18,13,73,320,3,2.1,,,,,,HZ
VECC,2026-01-21 22:30:00,1016.0,18,13,73,300,2,2.1,,,,,,HZ
VECC,2026-01-21 23:00:00,1016.0,18,13,73,330,2,2.1,,,,,,HZ
VECC,2026-01-21 23:30:00,1016.0,17,13,77,360,2,2.1,,,,,,HZ
VECC,2026-01-22 00:00:00,1016.0,17,12,72,360,2,1.8,,,,,,FG
VECC,2026-01-22 00:30:00,1016.0,17,12,72,0,0,1.5,,,,,,FG
VECC,2026-01-22 01:00:00,1017.0,17,13,77,350,2,1.5,,,,,,FG
VECC,2026-01-22 01:30:00,1017.0,17,13,77,340,2,1.8,,,,,,FG
VECC,2026-01-22 02:00:00,1018.0,17,13,77,340,2,2.0,,,,,,FG
VECC,2026-01-22 02:30:00,1018.0,18,12,68,350,2,2.2,,,,,,HZ
VECC,2026-01-22 03:00:00,1019.0,19,11,60,350,2,2.3,,,,,,HZ
VECC,2026-01-22 03:30:00,1019.0,21,11,53,360,3,2.5,,,,,,HZ
VECC,2026-01-22 04:00:00,1019.0,22,11,50,360,3,2.5,,,,,,HZ
VECC,2026-01-22 04:30:00,1019.0,23,10,44,10,4,2.6,,,,,,HZ
VECC,2026-01-22 05:00:00,1019.0,24,9,38,350,3,2.8,,,,,,HZ
VECC,2026-01-22 05:30:00,1018.0,24,9,38,360,4,3.2,,,,,,HZ
VECC,2026-01-22 06:00:00,1018.0,25,9,36,10,4,3.5,,,,,,HZ
VECC,2026-01-22 06:30:00,1017.0,25,9,36,360,4,3.6,,,,,,HZ
VECC,2026-01-22 07:00:00,1016.0,26,8,32,310,4,3.6,,,,,,HZ
VECC,2026-01-22 07:30:00,1016.0,25,8,34,320,4,3.8,,,,,,HZ
VECC,2026-01-22 08:00:00,1015.0,26,7,30,290,4,4.0,,,,,,HZ
VECC,2026-01-22 08:30:00,1015.0,26,7,30,310,5,4.0,,,,,,HZ
VECC,2026-01-22 09:00:00,1015.0,26,8,32,310,4,4.5,,,,,,HZ
VECC,2026-01-22 09:30:00,1015.0,26,8,32,330,4,4.5,,,,,,HZ
VECC,2026-01-22 10:00:00,1015.0,26,9,34,320,4,4.0,,,,,,HZ
VECC,2026-01-22 10:30:00,1014.0,25,9,36,340,4,4.0,,,,,,HZ
VECC,2026-01-22 11:00:00,1014.0,25,9,36,340,4,3.5,,,,,,HZ
VECC,2026-01-22 11:30:00,1015.0,24,10,41,360,3,3.5,,,,,,HZ
VECC,2026-01-22 12:00:00,1015.0,23,10,44,350,3,3.2,,,,,,HZ
VECC,2026-01-22 12:30:00,1015.0,22,10,46,350,3,3.2,,,,,,HZ
VECC,2026-01-22 13:00:00,1015.0,21,11,53,10,2,3.2,,,,,,HZ
VECC,2026-01-22 13:30:00,1016.0,20,11,56,360,2,3.2,,,,,,HZ
VECC,2026-01-22 14:00:00,1016.0,19,12,64,0,0,3.2,,,,,,HZ
VECC,2026-01-22 14:30:00,1016.0,19,11,60,30,2,3.2,,,,,,HZ
VECC,2026-01-22 15:00:00,1016.0,19,11,60,0,0,3.2,,,,,,HZ
VECC,2026-01-22 15:30:00,1016.0,19,10,56,0,0,3.2,,,,,,HZ
VECC,2026-01-22 16:00:00,1017.0,19,10,56,0,0,3.2,,,,,,HZ
VECC,2026-01-22 16:30:00,1017.0,19,11,60,70,2,3.2,,,,,,HZ
VECC,2026-01-22 17:00:00,1017.0,18,11,64,0,0,3.2,,,,,,HZ
VECC,2026-01-22 17:30:00,1017.0,18,11,64,0,0,3.2,,,,,,HZ
VECC,2026-01-22 18:00:00,1017.0,17,11,68,10,2,3.2,,,,,,HZ
VECC,2026-01-22 17:30:00,1017.0,18,11,64,0,0,3.2,,,,,,HZ
VECC,2026-01-22 18:00:00,1017.0,17,11,68,10,2,3.2,,,,,,HZ
VECC,2026-01-22 18:30:00,1017.0,17,11,68,10,2,3.2,,,,,,HZ
VECC,2026-01-22 19:00:00,1017.0,17,11,68,0,0,3.2,,,,,,HZ
VECC,2026-01-22 19:30:00,1017.0,16,11,72,0,0,3.2,,,,,,HZ
VECC,2026-01-22 20:00:00,1016.0,17,12,72,0,0,3.2,,,,,,HZ
VECC,2026-01-22 20:30:00,1016.0,16,12,77,0,0,2.8,,,,,,HZ
VECC,2026-01-22 21:00:00,1016.0,16,12,77,0,0,2.8,,,,,,HZ
VECC,2026-01-22 21:30:00,1016.0,15,12,82,0,0,2.8,,,,,,HZ
VECC,2026-01-22 22:00:00,1016.0,15,12,82,0,0,2.6,,,,,,HZ
VECC,2026-01-22 22:30:00,1016.0,15,12,82,0,0,2.6,,,,,,HZ
VECC,2026-01-22 23:00:00,1016.0,15,12,82,0,0,2.4,,,,,,FG
VECC,2026-01-22 23:30:00,1017.0,15,12,82,340,2,2.2,,,,,,FG
VECC,2026-01-23 00:00:00,1017.0,15,12,82,0,0,2.0,,,,,,FG
VECC,2026-01-23 00:30:00,1018.0,14,12,88,0,0,1.8,,,,,,FG
VECC,2026-01-23 01:00:00,1018.0,15,12,82,0,0,1.4,,,,,,FG
VECC,2026-01-23 01:30:00,1018.0,15,12,82,0,0,1.2,,,,,,FG
VECC,2026-01-23 02:00:00,1019.0,16,13,82,0,0,1.1,,,,,,FG
VECC,2026-01-23 02:30:00,1019.0,17,13,77,310,2,1.3,,,,,,FG
VECC,2026-01-23 03:00:00,1020.0,18,13,73,330,2,1.5,,,,,,FG
VECC,2026-01-23 03:30:00,1020.0,20,13,64,320,2,1.6,,,,,,FU
VECC,2026-01-23 04:00:00,1020.0,21,13,60,310,3,1.6,,,,,,FU
VECC,2026-01-23 04:30:00,1020.0,22,12,53,310,2,1.8,,,,,,FU
VECC,2026-01-23 05:00:00,1020.0,23,12,50,340,2,1.8,,,,,,FU
VECC,2026-01-23 05:30:00,1019.0,23,12,50,280,4,2.0,,,,,,FU
VECC,2026-01-23 06:00:00,1019.0,24,12,47,280,3,2.0,,,,,,FU
VECC,2026-01-23 06:30:00,1018.0,25,11,41,300,2,2.0,,,,,,HZ
VECC,2026-01-23 07:00:00,1018.0,25,10,39,300,4,2.2,,,,,,HZ
VECC,2026-01-23 07:30:00,1017.0,25,10,39,330,4,2.5,,,,,,HZ
VECC,2026-01-23 08:00:00,1017.0,26,9,34,310,4,2.8,,,,,,HZ
VECC,2026-01-23 08:30:00,1017.0,26,10,37,360,4,3.2,,,,,,HZ
VECC,2026-01-23 09:00:00,1016.0,26,9,34,310,4,3.2,,,,,,HZ
VECC,2026-01-23 09:30:00,1016.0,26,10,37,310,3,3.2,,,,,,HZ
VECC,2026-01-23 10:00:00,1016.0,25,10,39,340,3,3.2,,,,,,HZ
VECC,2026-01-23 10:30:00,1016.0,25,9,36,340,4,3.2,,,,,,HZ
VECC,2026-01-23 11:00:00,1016.0,24,10,41,350,3,3.2,,,,,,HZ
VECC,2026-01-23 11:30:00,1016.0,23,9,41,10,3,2.8,,,,,,HZ
VECC,2026-01-23 12:00:00,1016.0,23,9,41,360,3,2.5,,,,,,HZ
VECC,2026-01-23 12:30:00,1016.0,23,9,41,10,3,2.5,,,,,,HZ
VECC,2026-01-23 13:00:00,1017.0,22,9,43,10,3,2.5,,,,,,HZ
VECC,2026-01-23 13:30:00,1017.0,21,9,46,10,3,2.6,,,,,,HZ
VECC,2026-01-23 14:00:00,1017.0,20,10,53,20,2,2.8,,,,,,HZ
VECC,2026-01-23 14:30:00,1017.0,20,10,53,50,2,2.8,,,,,,HZ
VECC,2026-01-23 15:00:00,1017.0,21,10,49,70,2,2.8,,,,,,HZ
VECC,2026-01-23 15:30:00,1018.0,20,11,56,0,0,2.8,,,,,,HZ
VECC,2026-01-23 16:00:00,1018.0,19,11,60,0,0,2.8,,,,,,HZ
VECC,2026-01-23 16:30:00,1018.0,18,11,64,0,0,2.8,,,,,,HZ
VECC,2026-01-23 17:00:00,1018.0,18,11,64,0,0,2.8,,,,,,HZ
VECC,2026-01-23 17:30:00,1018.0,17,11,68,0,0,2.8,,,,,,HZ
VECC,2026-01-23 18:00:00,1018.0,17,11,68,0,0,2.8,,,,,,HZ
VECC,2026-01-23 17:30:00,1018.0,17,11,68,0,0,2.8,,,,,,HZ
VECC,2026-01-23 18:00:00,1018.0,17,11,68,0,0,2.8,,,,,,HZ
VECC,2026-01-23 18:30:00,1018.0,17,11,68,0,0,2.8,,,,,,HZ
VECC,2026-01-23 19:00:00,1018.0,17,11,68,0,0,2.8,,,,,,HZ
VECC,2026-01-23 19:30:00,1018.0,17,11,68,0,0,2.8,,,,,,HZ
VECC,2026-01-23 20:00:00,1017.0,17,12,72,360,2,2.8,,,,,,HZ
VECC,2026-01-23 20:30:00,1017.0,17,12,72,10,2,2.8,,,,,,HZ
VECC,2026-01-23 21:00:00,1017.0,16,12,77,360,2,2.6,,,,,,HZ
VECC,2026-01-23 21:30:00,1017.0,16,11,72,0,0,2.6,,,,,,HZ
VECC,2026-01-23 22:00:00,1017.0,15,11,77,0,0,2.6,,,,,,HZ
VECC,2026-01-23 22:30:00,1017.0,15,12,82,0,0,2.5,,,,,,HZ
VECC,2026-01-23 23:00:00,1017.0,15,12,82,0,0,2.2,,,,,,FG
VECC,2026-01-23 23:30:00,1018.0,15,11,77,0,0,2.2,,,,,,FG
VECC,2026-01-24 00:00:00,1018.0,15,11,77,0,0,2.2,,,,,,FG
VECC,2026-01-24 00:30:00,1018.0,15,12,82,290,2,1.8,,,,,,FG
VECC,2026-01-24 01:00:00,1018.0,16,12,77,290,3,1.3,,,,,,FG
VECC,2026-01-24 01:30:00,1019.0,16,12,77,0,0,1.2,,,,,,FG
VECC,2026-01-24 02:00:00,1019.0,17,12,72,0,0,1.3,,,,,,FG
VECC,2026-01-24 02:30:00,1020.0,17,12,72,280,2,1.4,,,,,,FG
VECC,2026-01-24 03:00:00,1020.0,19,10,56,280,2,1.6,,,,,,FU
VECC,2026-01-24 03:30:00,1021.0,21,10,49,250,2,1.6,,,,,,FU
VECC,2026-01-24 04:00:00,1020.0,22,10,46,260,2,2.0,,,,,,FU
VECC,2026-01-24 04:30:00,1020.0,23,10,44,280,3,2.0,,,,,,FU
VECC,2026-01-24 05:00:00,1020.0,24,11,44,270,2,2.2,,,,,,FU
VECC,2026-01-24 05:30:00,1019.0,24,10,41,340,3,2.2,,,,,,FU
VECC,2026-01-24 06:00:00,1019.0,25,10,39,320,3,2.4,,,,,,HZ
VECC,2026-01-24 06:30:00,1018.0,25,9,36,340,3,2.4,,,,,,HZ
VECC,2026-01-24 07:00:00,1017.0,26,9,34,320,4,2.4,,,,,,HZ
VECC,2026-01-24 07:30:00,1017.0,26,8,32,320,4,2.6,,,,,,HZ
VECC,2026-01-24 08:00:00,1016.0,26,8,32,310,4,2.8,,,,,,HZ
VECC,2026-01-24 08:30:00,1016.0,26,8,32,330,4,3.2,,,,,,HZ
VECC,2026-01-24 09:00:00,1015.0,27,7,28,310,4,3.5,,,,,,HZ
VECC,2026-01-24 09:30:00,1015.0,27,7,28,310,5,3.5,,,,,,HZ
VECC,2026-01-24 10:00:00,1015.0,27,8,30,310,4,3.5,,,,,,HZ
VECC,2026-01-24 10:30:00,1015.0,26,8,32,310,4,3.5,,,,,,HZ
VECC,2026-01-24 11:00:00,1015.0,26,8,32,330,4,3.5,,,,,,HZ
VECC,2026-01-24 11:30:00,1015.0,25,8,34,330,3,3.2,,,,,,HZ
VECC,2026-01-24 12:00:00,1015.0,24,9,38,320,2,3.2,,,,,,HZ
VECC,2026-01-24 12:30:00,1015.0,23,9,41,320,2,3.2,,,,,,HZ
VECC,2026-01-24 13:00:00,1016.0,22,9,43,0,0,3.2,,,,,,HZ
VECC,2026-01-24 13:30:00,1016.0,21,11,53,0,0,3.2,,,,,,HZ
VECC,2026-01-24 14:00:00,1016.0,20,11,56,0,0,3.2,,,,,,HZ
VECC,2026-01-24 14:30:00,1016.0,19,11,60,0,0,3.0,,,,,,HZ
VECC,2026-01-24 15:00:00,1017.0,18,12,68,0,0,2.8,,,,,,HZ
VECC,2026-01-24 15:30:00,1017.0,17,12,72,0,0,2.8,,,,,,HZ
VECC,2026-01-24 16:00:00,1017.0,17,12,72,0,0,2.8,,,,,,HZ
VECC,2026-01-24 16:30:00,1017.0,18,12,68,0,0,2.8,,,,,,HZ
VECC,2026-01-24 17:00:00,1017.0,17,12,72,0,0,2.8,,,,,,HZ
VECC,2026-01-24 17:30:00,1016.0,17,12,72,0,0,2.8,,,,,,HZ
VECC,2026-01-24 18:00:00,1016.0,17,12,72,0,0,2.8,,,,,,HZ
VECC,2026-01-24 17:30:00,1016.0,17,12,72,0,0,2.8,,,,,,HZ
VECC,2026-01-24 18:00:00,1016.0,17,12,72,0,0,2.8,,,,,,HZ
VECC,2026-01-24 18:30:00,1016.0,17,12,72,0,0,2.8,,,,,,HZ
VECC,2026-01-24 19:00:00,1016.0,17,12,72,0,0,2.8,,,,,,HZ
VECC,2026-01-24 19:30:00,1016.0,17,11,68,0,0,2.8,,,,,,HZ
VECC,2026-01-24 20:00:00,1016.0,17,11,68,0,0,2.5,,,,,,HZ
VECC,2026-01-24 20:30:00,1015.0,17,12,72,0,0,2.4,,,,,,HZ
VECC,2026-01-24 21:00:00,1015.0,17,13,77,270,2,2.4,,,,,,FG
VECC,2026-01-24 21:30:00,1015.0,17,13,77,280,2,2.4,,,,,,FG
VECC,2026-01-24 22:00:00,1015.0,16,13,82,270,3,2.2,,,,,,FG
VECC,2026-01-24 22:30:00,1015.0,16,13,82,0,0,2.2,,,,,,FG
VECC,2026-01-24 23:00:00,1015.0,15,13,88,0,0,2.0,,,,,,FG
VECC,2026-01-24 23:30:00,1015.0,15,13,88,0,0,2.0,,,,,,FG
VECC,2026-01-25 00:00:00,1016.0,14,13,94,0,0,1.8,,,,,,FG
VECC,2026-01-25 00:30:00,1016.0,14,13,94,0,0,1.6,,,,,,FG
VECC,2026-01-25 01:00:00,1016.0,15,14,94,0,0,1.3,,,,,,FG
VECC,2026-01-25 01:30:00,1016.0,15,13,88,0,0,1.1,,,,,,FG
VECC,2026-01-25 02:00:00,1016.0,16,14,88,0,0,1.1,,,,,,FG
VECC,2026-01-25 02:30:00,1017.0,19,14,73,0,0,1.2,,,,,,FG
VECC,2026-01-25 03:00:00,1017.0,19,14,73,0,0,1.3,,,,,,FG
VECC,2026-01-25 03:30:00,1018.0,21,14,64,0,0,1.3,,,,,,FU
VECC,2026-01-25 04:00:00,1018.0,23,14,57,0,0,1.4,,,,,,FU
VECC,2026-01-25 04:30:00,1018.0,24,12,47,0,0,2.0,,,,,,HZ
VECC,2026-01-25 05:00:00,1018.0,25,11,41,290,2,2.2,,,,,,HZ
VECC,2026-01-25 05:30:00,1017.0,26,11,39,270,2,2.4,,,,,,HZ
VECC,2026-01-25 06:00:00,1017.0,26,12,42,260,3,2.6,,,,,,HZ
VECC,2026-01-25 06:30:00,1016.0,26,12,42,240,3,2.6,,,,,,HZ
VECC,2026-01-25 07:00:00,1016.0,26,13,45,310,3,2.8,,,,,,HZ
VECC,2026-01-25 07:30:00,1015.0,27,11,37,280,4,3.2,,,,,,HZ
VECC,2026-01-25 08:00:00,1015.0,27,10,34,300,4,3.2,,,,,,HZ
VECC,2026-01-25 08:30:00,1015.0,27,10,34,310,4,3.2,,,,,,HZ
VECC,2026-01-25 09:00:00,1014.0,27,10,34,320,4,3.2,,,,,,HZ
VECC,2026-01-25 09:30:00,1014.0,27,9,32,310,3,3.2,,,,,,HZ
VECC,2026-01-25 10:00:00,1014.0,27,10,34,300,4,3.2,,,,,,HZ
VECC,2026-01-25 10:30:00,1014.0,26,9,34,310,4,3.4,,,,,,HZ
VECC,2026-01-25 11:00:00,1015.0,26,8,32,310,4,3.6,,,,,,HZ
VECC,2026-01-25 11:30:00,1015.0,25,8,34,320,3,3.5,,,,,,HZ
VECC,2026-01-25 12:00:00,1015.0,25,8,34,310,3,3.5,,,,,,HZ
VECC,2026-01-25 12:30:00,1015.0,24,8,36,300,3,3.5,,,,,,HZ
VECC,2026-01-25 13:00:00,1015.0,23,9,41,350,2,3.5,,,,,,HZ
VECC,2026-01-25 13:30:00,1016.0,23,9,41,320,2,3.5,,,,,,HZ
VECC,2026-01-25 14:00:00,1016.0,21,10,49,350,3,3.5,,,,,,HZ
VECC,2026-01-25 14:30:00,1016.0,21,10,49,340,3,3.5,,,,,,HZ
VECC,2026-01-25 15:00:00,1016.0,21,10,49,350,3,3.5,,,,,,HZ
VECC,2026-01-25 15:30:00,1017.0,20,10,53,350,2,3.5,,,,,,HZ
VECC,2026-01-25 16:00:00,1017.0,20,10,53,10,2,3.2,,,,,,HZ
VECC,2026-01-25 16:30:00,1017.0,20,11,56,350,2,3.2,,,,,,HZ
VECC,2026-01-25 17:00:00,1017.0,20,11,56,0,0,3.2,,,,,,HZ
VECC,2026-01-25 17:30:00,1017.0,20,11,56,0,0,3.2,,,,,,HZ
VECC,2026-01-25 18:00:00,1017.0,20,11,56,0,0,3.0,,,,,,HZ
VECC,2026-01-25 17:30:00,1017.0,20,11,56,0,0,3.2,,,,,,HZ
VECC,2026-01-25 18:00:00,1017.0,20,11,56,0,0,3.0,,,,,,HZ
VECC,2026-01-25 18:30:00,1016.0,20,11,56,330,2,2.8,,,,,,HZ
VECC,2026-01-25 19:00:00,1016.0,19,11,60,10,2,2.6,,,,,,HZ
VECC,2026-01-25 19:30:00,1016.0,19,11,60,0,0,2.5,,,,,,HZ
VECC,2026-01-25 20:00:00,1016.0,18,11,64,0,0,2.4,,,,,,HZ
VECC,2026-01-25 20:30:00,1016.0,18,11,64,0,0,2.4,,,,,,HZ
VECC,2026-01-25 21:00:00,1016.0,18,11,64,0,0,2.2,,,,,,HZ
VECC,2026-01-25 22:00:00,1016.0,17,11,68,320,2,2.2,,,,,,HZ
VECC,2026-01-25 22:30:00,1016.0,18,11,64,320,2,2.2,,,,,,HZ
VECC,2026-01-25 23:00:00,1016.0,17,11,68,320,2,2.2,,,,,,HZ
VECC,2026-01-25 23:30:00,1017.0,17,11,68,360,3,2.0,,,,,,HZ
VECC,2026-01-26 00:00:00,1017.0,17,11,68,330,2,1.8,,,,,,FU
VECC,2026-01-26 00:30:00,1017.0,17,11,68,330,2,1.8,,,,,,FU
VECC,2026-01-26 01:00:00,1018.0,17,11,68,340,3,1.5,,,,,,FU
VECC,2026-01-26 01:30:00,1018.0,17,12,72,340,3,1.5,,,,,,FU
VECC,2026-01-26 02:00:00,1019.0,17,12,72,360,2,1.6,,,,,,FU
VECC,2026-01-26 02:30:00,1019.0,18,13,73,10,2,1.8,,,,,,FU
VECC,2026-01-26 03:00:00,1020.0,19,13,68,10,3,1.8,,,,,,FU
VECC,2026-01-26 03:30:00,1020.0,21,13,60,350,2,2.0,,,,,,HZ
VECC,2026-01-26 04:00:00,1020.0,22,14,60,360,4,2.2,,,,,,HZ
VECC,2026-01-26 04:30:00,1020.0,23,14,57,360,5,2.2,,,,,,HZ
VECC,2026-01-26 05:00:00,1019.0,23,14,57,330,4,2.2,,,,,,HZ
VECC,2026-01-26 05:30:00,1019.0,24,14,54,360,4,2.5,,,,,,HZ
VECC,2026-01-26 06:00:00,1019.0,25,14,50,350,3,2.8,,,,,,HZ
VECC,2026-01-26 06:30:00,1018.0,25,13,47,350,3,2.8,,,,,,HZ
VECC,2026-01-26 07:00:00,1017.0,26,13,45,350,3,2.8,,,,,,HZ
VECC,2026-01-26 07:30:00,1017.0,26,12,42,270,2,3.2,,,,,,HZ
VECC,2026-01-26 08:00:00,1016.0,27,13,42,320,3,3.2,,,,,,HZ
VECC,2026-01-26 08:30:00,1016.0,27,12,39,300,4,3.2,,,,,,HZ
VECC,2026-01-26 09:00:00,1016.0,27,11,37,310,4,3.5,,,,,,HZ
VECC,2026-01-26 09:30:00,1016.0,27,11,37,330,4,4.0,,,,,,HZ
VECC,2026-01-26 10:00:00,1016.0,27,11,37,340,4,4.0,,,,,,HZ
VECC,2026-01-26 10:30:00,1016.0,26,11,39,340,5,3.5,,,,,,HZ
VECC,2026-01-26 11:00:00,1016.0,26,10,37,330,5,3.5,,,,,,HZ
VECC,2026-01-26 11:30:00,1016.0,25,11,41,330,3,3.2,,,,,,HZ
VECC,2026-01-26 12:00:00,1017.0,24,11,44,340,2,3.2,,,,,,HZ
VECC,2026-01-26 12:30:00,1017.0,24,11,44,360,3,3.0,,,,,,HZ
VECC,2026-01-26 13:00:00,1017.0,23,11,47,30,3,3.0,,,,,,HZ
VECC,2026-01-26 13:30:00,1017.0,22,12,53,10,2,3.0,,,,,,HZ
VECC,2026-01-26 14:00:00,1018.0,21,12,56,360,2,3.0,,,,,,HZ
VECC,2026-01-26 14:30:00,1018.0,21,12,56,10,2,3.0,,,,,,HZ
VECC,2026-01-26 15:00:00,1018.0,21,13,60,0,0,3.0,,,,,,HZ
VECC,2026-01-26 15:30:00,1019.0,20,13,64,0,0,3.0,,,,,,HZ
VECC,2026-01-26 16:00:00,1019.0,20,13,64,0,0,3.0,,,,,,HZ
VECC,2026-01-26 16:30:00,1019.0,20,14,68,60,2,3.0,,,,,,HZ
VECC,2026-01-26 17:00:00,1019.0,19,13,68,50,2,2.8,,,,,,HZ
VECC,2026-01-26 17:30:00,1018.0,19,13,68,40,2,2.8,,,,,,HZ
VECC,2026-01-26 18:00:00,1018.0,19,13,68,30,2,2.8,,,,,,HZ
VECC,2026-01-26 17:30:00,1018.0,19,13,68,40,2,2.8,,,,,,HZ
VECC,2026-01-26 18:00:00,1018.0,19,13,68,30,2,2.8,,,,,,HZ
VECC,2026-01-26 18:30:00,1018.0,19,13,68,10,2,2.8,,,,,,HZ
VECC,2026-01-26 19:00:00,1018.0,17,13,77,0,0,2.8,,,,,,HZ
VECC,2026-01-26 19:30:00,1017.0,17,14,82,0,0,2.8,,,,,,HZ
VECC,2026-01-26 20:00:00,1017.0,17,15,88,0,0,2.4,,,,,,FG
VECC,2026-01-26 20:30:00,1017.0,17,15,88,360,2,2.4,,,,,,FG
VECC,2026-01-26 21:00:00,1017.0,17,14,82,350,3,2.4,,,,,,FG
VECC,2026-01-26 21:30:00,1017.0,17,14,82,350,4,2.4,,,,,,FG
VECC,2026-01-26 22:00:00,1017.0,17,14,82,340,4,2.4,,,,,,FG
VECC,2026-01-26 22:30:00,1017.0,18,14,77,340,3,2.4,,,,,,FG
VECC,2026-01-26 23:00:00,1018.0,17,13,77,350,2,2.4,,,,,,FG
VECC,2026-01-26 23:30:00,1018.0,17,13,77,340,2,2.4,,,,,,FG
VECC,2026-01-27 00:00:00,1018.0,17,13,77,330,2,2.0,,,,,,FG
VECC,2026-01-27 00:30:00,1018.0,16,13,82,330,2,2.0,,,,,,FG
VECC,2026-01-27 01:00:00,1019.0,16,13,82,340,2,1.8,,,,,,FG
VECC,2026-01-27 01:30:00,1019.0,16,13,82,360,2,1.8,,,,,,FG
VECC,2026-01-27 02:00:00,1019.0,17,14,82,340,2,1.8,,,,,,FG
VECC,2026-01-27 02:30:00,1020.0,19,14,73,350,3,2.0,,,,,,FG
VECC,2026-01-27 03:00:00,1020.0,20,13,64,350,4,2.2,,,,,,HZ
VECC,2026-01-27 03:30:00,1021.0,21,13,60,350,5,2.4,,,,,,HZ
VECC,2026-01-27 04:00:00,1021.0,22,13,57,350,4,2.5,,,,,,HZ
VECC,2026-01-27 04:30:00,1021.0,23,12,50,330,4,2.6,,,,,,HZ
VECC,2026-01-27 05:00:00,1020.0,24,11,44,330,5,2.8,,,,,,HZ
VECC,2026-01-27 05:30:00,1020.0,24,10,41,330,5,3.2,,,,,,HZ
VECC,2026-01-27 06:00:00,1019.0,25,11,41,350,5,3.2,,,,,,HZ
VECC,2026-01-27 06:30:00,1018.0,25,11,41,310,5,3.2,,,,,,HZ
VECC,2026-01-27 07:00:00,1018.0,25,11,41,320,5,3.2,,,,,,HZ
VECC,2026-01-27 07:30:00,1017.0,26,11,39,330,4,3.5,,,,,,HZ
VECC,2026-01-27 08:00:00,1017.0,26,11,39,290,5,4.0,,,,,,HZ
VECC,2026-01-27 08:30:00,1017.0,26,12,42,290,6,4.5,,,,,,HZ
VECC,2026-01-27 09:00:00,1016.0,26,12,42,320,5,4.5,,,,,,HZ
VECC,2026-01-27 09:30:00,1016.0,26,12,42,320,5,4.5,,,,,,HZ
VECC,2026-01-27 10:00:00,1016.0,26,12,42,320,5,4.5,,,,,,HZ
VECC,2026-01-27 10:30:00,1016.0,26,13,45,320,4,4.0,,,,,,HZ
VECC,2026-01-27 11:00:00,1016.0,25,13,47,330,4,3.5,,,,,,HZ
VECC,2026-01-27 11:30:00,1016.0,24,13,50,340,4,3.2,,,,,,HZ
VECC,2026-01-27 12:00:00,1016.0,24,14,54,340,3,3.2,,,,,,HZ
VECC,2026-01-27 12:30:00,1016.0,22,13,57,20,2,3.2,,,,,,HZ
VECC,2026-01-27 13:00:00,1016.0,21,14,64,0,0,3.2,,,,,,HZ
VECC,2026-01-27 13:30:00,1017.0,20,15,73,110,2,3.2,,,,,,HZ
VECC,2026-01-27 14:00:00,1017.0,19,14,73,0,0,3.2,,,,,,HZ
VECC,2026-01-27 14:30:00,1017.0,19,14,73,0,0,3.2,,,,,,HZ
VECC,2026-01-27 15:00:00,1017.0,19,15,78,0,0,3.2,,,,,,HZ
VECC,2026-01-27 15:30:00,1017.0,18,15,83,0,0,3.2,,,,,,HZ
VECC,2026-01-27 16:00:00,1018.0,18,14,77,0,0,3.2,,,,,,HZ
VECC,2026-01-27 16:30:00,1017.0,18,14,77,0,0,3.2,,,,,,HZ
VECC,2026-01-27 17:00:00,1017.0,18,14,77,0,0,3.2,,,,,,HZ
VECC,2026-01-27 17:30:00,1017.0,17,14,82,0,0,2.8,,,,,,HZ
VECC,2026-01-27 18:00:00,1017.0,18,13,73,0,0,2.8,,,,,,HZ
VECC,2026-01-27 17:30:00,1017.0,17,14,82,0,0,2.8,,,,,,HZ
VECC,2026-01-27 18:00:00,1017.0,18,13,73,0,0,2.8,,,,,,HZ
VECC,2026-01-27 18:30:00,1017.0,19,13,68,0,0,2.8,,,,,,HZ
VECC,2026-01-27 19:00:00,1016.0,19,12,64,0,0,2.8,,,,,,HZ
VECC,2026-01-27 19:30:00,1016.0,18,13,73,0,0,2.8,,,,,,HZ
VECC,2026-01-27 20:00:00,1016.0,17,13,77,0,0,2.8,,,,,,HZ
VECC,2026-01-27 20:30:00,1016.0,17,14,82,0,0,2.8,,,,,,HZ
VECC,2026-01-27 21:00:00,1016.0,17,13,77,0,0,2.8,,,,,,HZ
VECC,2026-01-27 21:30:00,1016.0,16,13,82,0,0,2.8,,,,,,HZ
VECC,2026-01-27 22:00:00,1015.0,16,13,82,0,0,2.4,,,,,,FG
VECC,2026-01-27 22:30:00,1015.0,16,13,82,0,0,2.4,,,,,,FG
VECC,2026-01-27 23:00:00,1015.0,16,13,82,0,0,2.4,,,,,,FG
VECC,2026-01-27 23:30:00,1016.0,16,12,77,0,0,2.4,,,,,,FG
VECC,2026-01-28 00:00:00,1016.0,17,13,77,0,0,2.2,,,,,,FG
VECC,2026-01-28 00:30:00,1016.0,16,13,82,320,2,1.8,,,,,,FG
VECC,2026-01-28 01:00:00,1017.0,16,13,82,0,0,1.6,FEW,10000.0,,,2.0,FG
VECC,2026-01-28 01:30:00,1017.0,17,14,82,0,0,1.3,,,,,,FG
VECC,2026-01-28 02:00:00,1018.0,17,14,82,340,2,1.4,,,,,,FG
VECC,2026-01-28 02:30:00,1018.0,18,12,68,310,2,1.6,,,,,,FU
VECC,2026-01-28 03:00:00,1018.0,19,12,64,340,3,1.6,,,,,,FU
VECC,2026-01-28 03:30:00,1019.0,21,13,60,350,3,2.0,,,,,,HZ
VECC,2026-01-28 04:00:00,1019.0,22,13,57,310,3,2.4,,,,,,HZ
VECC,2026-01-28 04:30:00,1019.0,23,12,50,330,3,2.8,,,,,,HZ
VECC,2026-01-28 05:00:00,1018.0,24,12,47,350,2,3.0,,,,,,HZ
VECC,2026-01-28 05:30:00,1018.0,24,12,47,30,2,3.2,,,,,,HZ
VECC,2026-01-28 06:00:00,1017.0,26,13,45,260,2,3.2,,,,,,HZ
VECC,2026-01-28 06:30:00,1017.0,26,13,45,280,2,3.2,,,,,,HZ
VECC,2026-01-28 07:00:00,1016.0,26,12,42,310,2,3.2,,,,,,HZ
VECC,2026-01-28 07:30:00,1016.0,27,12,39,310,3,3.5,,,,,,HZ
VECC,2026-01-28 08:00:00,1015.0,27,12,39,310,4,3.5,,,,,,HZ
VECC,2026-01-28 08:30:00,1015.0,27,12,39,310,3,3.5,,,,,,HZ
VECC,2026-01-28 09:00:00,1014.0,27,12,39,310,4,3.5,,,,,,HZ
VECC,2026-01-28 09:30:00,1014.0,27,13,42,330,5,3.5,,,,,,HZ
VECC,2026-01-28 10:00:00,1014.0,27,13,42,320,5,3.5,,,,,,HZ
VECC,2026-01-28 10:30:00,1014.0,27,13,42,310,4,3.5,,,,,,HZ
VECC,2026-01-28 11:00:00,1014.0,26,13,45,330,4,3.5,,,,,,HZ
VECC,2026-01-28 11:30:00,1014.0,25,13,47,350,3,3.2,,,,,,HZ
VECC,2026-01-28 12:00:00,1014.0,24,13,50,360,3,3.2,,,,,,HZ
VECC,2026-01-28 12:30:00,1015.0,23,13,53,10,2,3.2,,,,,,HZ
VECC,2026-01-28 13:00:00,1015.0,22,14,60,0,0,3.2,,,,,,HZ
VECC,2026-01-28 13:30:00,1015.0,22,14,60,0,0,3.2,,,,,,HZ
VECC,2026-01-28 14:00:00,1015.0,21,14,64,0,0,3.2,,,,,,HZ
VECC,2026-01-28 14:30:00,1016.0,20,14,68,0,0,3.2,,,,,,HZ
VECC,2026-01-28 15:00:00,1016.0,19,14,73,0,0,3.0,,,,,,HZ
VECC,2026-01-28 15:30:00,1016.0,19,14,73,0,0,3.0,,,,,,HZ
VECC,2026-01-28 16:00:00,1016.0,19,14,73,50,2,2.8,,,,,,HZ
VECC,2026-01-28 16:30:00,1016.0,19,14,73,60,2,2.6,,,,,,HZ
VECC,2026-01-28 17:00:00,1016.0,19,14,73,0,0,2.6,,,,,,HZ
VECC,2026-01-28 17:30:00,1015.0,19,14,73,0,0,2.6,,,,,,HZ
VECC,2026-01-28 18:00:00,1015.0,19,14,73,0,0,2.6,,,,,,HZ
VECC,2026-01-28 17:30:00,1015.0,19,14,73,0,0,2.6,,,,,,HZ
VECC,2026-01-28 18:00:00,1015.0,19,14,73,0,0,2.6,,,,,,HZ
VECC,2026-01-28 18:30:00,1015.0,18,14,77,0,0,2.6,,,,,,HZ
VECC,2026-01-28 19:00:00,1015.0,18,14,77,0,0,2.6,,,,,,HZ
VECC,2026-01-28 19:30:00,1015.0,18,14,77,0,0,2.6,,,,,,HZ
VECC,2026-01-28 20:00:00,1015.0,18,14,77,0,0,2.6,,,,,,HZ
VECC,2026-01-28 20:30:00,1014.0,17,14,82,0,0,2.4,,,,,,FG
VECC,2026-01-28 21:00:00,1014.0,17,14,82,0,0,2.4,,,,,,FG
VECC,2026-01-28 21:30:00,1014.0,17,14,82,0,0,2.4,,,,,,FG
VECC,2026-01-28 22:00:00,1014.0,17,14,82,0,0,2.2,,,,,,FG
VECC,2026-01-28 22:30:00,1014.0,17,14,82,0,0,2.0,,,,,,FG
VECC,2026-01-28 23:00:00,1014.0,17,15,88,300,2,1.8,,,,,,FG
VECC,2026-01-28 23:30:00,1014.0,17,14,82,270,2,1.8,,,,,,FG
VECC,2026-01-29 00:00:00,1014.0,17,15,88,0,0,1.7,,,,,,FG
VECC,2026-01-29 00:30:00,1015.0,16,14,88,20,3,1.6,,,,,,FG
VECC,2026-01-29 01:00:00,1015.0,16,14,88,0,0,1.2,,,,,,FG
VECC,2026-01-29 01:30:00,1016.0,17,15,88,0,0,1.2,,,,,,FG
VECC,2026-01-29 02:00:00,1017.0,18,14,77,0,0,1.2,,,,,,FG
VECC,2026-01-29 02:30:00,1017.0,19,14,73,360,2,1.4,,,,,,FG
VECC,2026-01-29 03:00:00,1018.0,20,11,56,350,4,1.8,,,,,,HZ
VECC,2026-01-29 03:30:00,1018.0,22,10,46,360,4,2.2,,,,,,HZ
VECC,2026-01-29 04:00:00,1018.0,23,10,44,350,3,2.8,,,,,,HZ
VECC,2026-01-29 04:30:00,1018.0,24,11,44,10,3,2.8,,,,,,HZ
VECC,2026-01-29 05:00:00,1018.0,25,12,44,360,3,2.8,,,,,,HZ
VECC,2026-01-29 05:30:00,1017.0,25,11,41,350,3,2.8,,,,,,HZ
VECC,2026-01-29 06:00:00,1017.0,26,11,39,330,4,3.2,,,,,,HZ
VECC,2026-01-29 06:30:00,1016.0,26,10,37,310,4,3.2,,,,,,HZ
VECC,2026-01-29 07:00:00,1016.0,26,11,39,310,4,3.5,,,,,,HZ
VECC,2026-01-29 07:30:00,1015.0,27,12,39,320,3,3.5,,,,,,HZ
VECC,2026-01-29 08:00:00,1015.0,27,12,39,320,5,3.5,,,,,,HZ
VECC,2026-01-29 08:30:00,1015.0,27,12,39,350,4,3.5,,,,,,HZ
VECC,2026-01-29 09:00:00,1014.0,27,13,42,340,4,3.5,,,,,,HZ
VECC,2026-01-29 09:30:00,1014.0,27,12,39,340,4,3.5,,,,,,HZ
VECC,2026-01-29 10:00:00,1014.0,26,12,42,360,4,3.5,,,,,,HZ
VECC,2026-01-29 10:30:00,1014.0,26,13,45,330,4,3.5,,,,,,HZ
VECC,2026-01-29 11:00:00,1015.0,26,12,42,320,4,3.5,,,,,,HZ
VECC,2026-01-29 11:30:00,1015.0,25,12,44,340,3,3.2,,,,,,HZ
VECC,2026-01-29 12:00:00,1015.0,24,12,47,350,2,3.2,,,,,,HZ
VECC,2026-01-29 12:30:00,1015.0,24,12,47,0,0,3.2,,,,,,HZ
VECC,2026-01-29 13:00:00,1015.0,22,13,57,0,0,3.2,,,,,,HZ
VECC,2026-01-29 13:30:00,1016.0,22,13,57,0,0,3.2,,,,,,HZ
VECC,2026-01-29 14:00:00,1016.0,21,13,60,0,0,3.2,,,,,,HZ
VECC,2026-01-29 14:30:00,1017.0,21,13,60,320,2,3.2,,,,,,HZ
VECC,2026-01-29 15:00:00,1017.0,21,13,60,0,0,3.2,,,,,,HZ
VECC,2026-01-29 15:30:00,1017.0,20,13,64,0,0,3.2,,,,,,HZ
VECC,2026-01-29 16:00:00,1017.0,20,14,68,0,0,2.8,,,,,,HZ
VECC,2026-01-29 16:30:00,1017.0,20,14,68,0,0,2.4,,,,,,HZ
VECC,2026-01-29 17:00:00,1017.0,20,14,68,0,0,2.4,,,,,,HZ
VECC,2026-01-29 17:30:00,1017.0,20,14,68,0,0,2.4,,,,,,HZ
VECC,2026-01-29 18:00:00,1017.0,20,14,68,0,0,2.2,,,,,,HZ
VECC,2026-01-29 17:30:00,1017.0,20,14,68,0,0,2.4,,,,,,HZ
VECC,2026-01-29 18:00:00,1017.0,20,14,68,0,0,2.2,,,,,,HZ
VECC,2026-01-29 18:30:00,1017.0,20,14,68,0,0,2.2,,,,,,HZ
VECC,2026-01-29 19:00:00,1017.0,19,15,78,350,2,2.2,,,,,,HZ
VECC,2026-01-29 19:30:00,1017.0,18,15,83,340,3,1.9,,,,,,FG
VECC,2026-01-29 20:00:00,1017.0,20,14,68,300,5,2.0,,,,,,HZ
VECC,2026-01-29 20:30:00,1017.0,20,14,68,320,3,2.0,,,,,,HZ
VECC,2026-01-29 21:00:00,1016.0,18,14,77,360,2,2.0,,,,,,HZ
VECC,2026-01-29 21:30:00,1016.0,19,14,73,320,4,2.0,,,,,,HZ
VECC,2026-01-29 22:00:00,1016.0,19,14,73,330,4,2.0,,,,,,FG
VECC,2026-01-29 22:30:00,1016.0,19,14,73,330,3,1.8,,,,,,FG
VECC,2026-01-29 23:00:00,1017.0,19,14,73,330,3,1.8,,,,,,FG
VECC,2026-01-29 23:30:00,1017.0,18,14,77,340,3,1.8,,,,,,FG
VECC,2026-01-30 00:00:00,1017.0,18,14,77,330,4,1.8,,,,,,FG
VECC,2026-01-30 00:30:00,1017.0,17,14,82,350,3,1.8,,,,,,FG
VECC,2026-01-30 01:00:00,1017.0,18,14,77,330,3,1.5,,,,,,FG
VECC,2026-01-30 01:30:00,1018.0,18,14,77,340,4,1.5,,,,,,FG
VECC,2026-01-30 02:00:00,1019.0,18,14,77,360,3,1.5,,,,,,FG
VECC,2026-01-30 02:30:00,1019.0,19,15,78,10,3,1.8,SCT,10000.0,,,3.0,FG
VECC,2026-01-30 03:00:00,1020.0,20,14,68,360,3,2.0,FEW,10000.0,,,2.0,HZ
VECC,2026-01-30 03:30:00,1020.0,21,14,64,360,4,2.4,,,,,,HZ
VECC,2026-01-30 04:00:00,1020.0,21,14,64,350,3,2.6,,,,,,HZ
VECC,2026-01-30 04:30:00,1020.0,22,14,60,350,3,2.8,,,,,,HZ
VECC,2026-01-30 05:00:00,1019.0,23,13,53,340,3,3.2,,,,,,HZ
VECC,2026-01-30 05:30:00,1019.0,23,13,53,360,3,3.2,,,,,,HZ
VECC,2026-01-30 06:00:00,1019.0,24,13,50,330,3,3.5,,,,,,HZ
VECC,2026-01-30 06:30:00,1018.0,24,13,50,340,3,3.5,,,,,,HZ
VECC,2026-01-30 07:00:00,1017.0,25,13,47,310,3,3.5,,,,,,HZ
VECC,2026-01-30 07:30:00,1017.0,25,13,47,340,3,3.5,,,,,,HZ
VECC,2026-01-30 08:00:00,1016.0,25,13,47,320,3,3.5,,,,,,HZ
VECC,2026-01-30 08:30:00,1016.0,26,13,45,320,3,3.5,,,,,,HZ
VECC,2026-01-30 09:00:00,1016.0,25,13,47,350,3,3.5,FEW,10000.0,,,2.0,HZ
VECC,2026-01-30 09:30:00,1015.0,26,13,45,340,5,3.5,FEW,10000.0,,,2.0,HZ
VECC,2026-01-30 10:00:00,1015.0,25,13,47,340,3,3.5,FEW,10000.0,,,2.0,HZ
VECC,2026-01-30 10:30:00,1015.0,25,13,47,350,2,3.5,FEW,10000.0,,,2.0,HZ
VECC,2026-01-30 11:00:00,1016.0,25,13,47,350,2,3.2,SCT,10000.0,,,3.0,HZ
VECC,2026-01-30 11:30:00,1016.0,24,13,50,10,3,3.2,SCT,10000.0,,,3.0,HZ
VECC,2026-01-30 12:00:00,1016.0,23,13,53,30,2,3.2,FEW,10000.0,,,2.0,HZ
VECC,2026-01-30 12:30:00,1016.0,23,13,53,30,2,3.2,FEW,10000.0,,,2.0,HZ
VECC,2026-01-30 13:00:00,1016.0,23,14,57,20,2,3.2,FEW,10000.0,,,2.0,HZ
VECC,2026-01-30 13:30:00,1017.0,23,14,57,20,2,3.2,SCT,10000.0,,,3.0,HZ
VECC,2026-01-30 14:00:00,1017.0,22,14,60,40,2,3.2,SCT,10000.0,,,3.0,HZ
VECC,2026-01-30 14:30:00,1017.0,21,14,64,60,2,3.2,SCT,10000.0,,,3.0,HZ
VECC,2026-01-30 15:00:00,1018.0,21,14,64,30,2,3.2,SCT,10000.0,,,3.0,HZ
VECC,2026-01-30 15:30:00,1018.0,21,14,64,20,2,2.8,SCT,10000.0,,,3.0,HZ
VECC,2026-01-30 16:00:00,1018.0,20,15,73,0,0,2.8,SCT,10000.0,,,3.0,HZ
VECC,2026-01-30 16:30:00,1018.0,20,15,73,40,2,2.8,SCT,10000.0,,,3.0,HZ
VECC,2026-01-30 17:00:00,1018.0,19,14,73,30,2,2.8,SCT,10000.0,,,3.0,HZ
VECC,2026-01-30 17:30:00,1018.0,19,14,73,0,0,2.8,FEW,10000.0,,,2.0,HZ
VECC,2026-01-30 18:00:00,1018.0,19,14,73,30,2,2.8,FEW,10000.0,,,2.0,HZ
VECC,2026-01-30 17:30:00,1018.0,19,14,73,0,0,2.8,FEW,10000.0,,,2.0,HZ
VECC,2026-01-30 18:00:00,1018.0,19,14,73,30,2,2.8,FEW,10000.0,,,2.0,HZ
VECC,2026-01-30 18:30:00,1018.0,19,14,73,50,2,2.8,FEW,10000.0,,,2.0,HZ
VECC,2026-01-30 19:00:00,1018.0,18,14,77,30,2,2.8,FEW,10000.0,,,2.0,HZ
VECC,2026-01-30 19:30:00,1018.0,18,14,77,360,2,2.8,FEW,10000.0,,,2.0,HZ
VECC,2026-01-30 20:00:00,1017.0,18,14,77,10,3,2.6,FEW,10000.0,,,2.0,HZ
VECC,2026-01-30 20:30:00,1017.0,18,14,77,20,3,2.4,FEW,10000.0,,,2.0,FG
VECC,2026-01-30 21:00:00,1017.0,18,14,77,20,3,2.4,FEW,10000.0,,,2.0,FG
VECC,2026-01-30 21:30:00,1017.0,18,14,77,360,2,2.4,FEW,10000.0,,,2.0,FG
VECC,2026-01-30 22:00:00,1017.0,17,13,77,10,2,2.4,FEW,10000.0,,,2.0,FG
VECC,2026-01-30 22:30:00,1017.0,17,14,82,330,3,2.4,FEW,10000.0,,,2.0,FG
VECC,2026-01-30 23:00:00,1017.0,17,14,82,350,4,2.4,FEW,10000.0,,,2.0,FG
VECC,2026-01-30 23:30:00,1018.0,16,14,88,350,2,2.4,FEW,10000.0,,,2.0,FG
VECC,2026-01-31 00:00:00,1018.0,16,14,88,360,2,2.0,FEW,10000.0,,,2.0,FG
VECC,2026-01-31 00:30:00,1018.0,16,14,88,360,3,2.0,FEW,10000.0,,,2.0,FG
VECC,2026-01-31 01:00:00,1018.0,16,14,88,350,3,1.8,SCT,10000.0,,,3.0,FG
VECC,2026-01-31 01:30:00,1019.0,16,14,88,350,2,1.8,SCT,10000.0,,,3.0,FG
VECC,2026-01-31 02:00:00,1019.0,17,14,82,360,4,1.8,SCT,10000.0,,,3.0,FG
VECC,2026-01-31 02:30:00,1020.0,18,14,77,350,3,1.8,SCT,10000.0,,,3.0,FG
VECC,2026-01-31 03:00:00,1020.0,19,14,73,350,3,1.8,SCT,10000.0,,,3.0,FG
VECC,2026-01-31 03:30:00,1020.0,20,14,68,340,4,1.8,SCT,10000.0,,,3.0,FU
VECC,2026-01-31 04:00:00,1020.0,21,14,64,340,4,2.2,FEW,2000.0,SCT,10000.0,3.0,FG
VECC,2026-01-31 04:30:00,1020.0,22,14,60,340,4,2.4,FEW,10000.0,,,2.0,HZ
VECC,2026-01-31 05:00:00,1020.0,23,14,57,350,4,2.6,FEW,10000.0,,,2.0,HZ
VECC,2026-01-31 05:30:00,1019.0,23,14,57,360,3,2.6,SCT,10000.0,,,3.0,HZ
VECC,2026-01-31 06:00:00,1019.0,25,14,50,320,4,2.6,SCT,10000.0,,,3.0,HZ
VECC,2026-01-31 06:30:00,1018.0,25,13,47,330,4,2.6,SCT,10000.0,,,3.0,HZ
VECC,2026-01-31 07:00:00,1018.0,25,14,50,310,3,2.8,FEW,10000.0,,,2.0,HZ
VECC,2026-01-31 07:30:00,1017.0,25,14,50,310,3,3.0,FEW,10000.0,,,2.0,HZ
VECC,2026-01-31 08:00:00,1017.0,26,14,48,350,3,3.0,FEW,10000.0,,,2.0,HZ
VECC,2026-01-31 08:30:00,1016.0,26,14,48,320,5,3.0,FEW,10000.0,,,2.0,HZ
VECC,2026-01-31 09:00:00,1016.0,26,14,48,310,4,3.2,FEW,10000.0,,,2.0,HZ
VECC,2026-01-31 09:30:00,1016.0,26,14,48,320,4,3.2,FEW,10000.0,,,2.0,HZ
VECC,2026-01-31 10:00:00,1016.0,26,14,48,320,5,3.2,FEW,10000.0,,,2.0,HZ
VECC,2026-01-31 10:30:00,1016.0,25,14,50,330,4,3.2,FEW,10000.0,,,2.0,HZ
VECC,2026-01-31 11:00:00,1015.0,25,14,50,330,4,3.2,FEW,10000.0,,,2.0,HZ
VECC,2026-01-31 11:30:00,1016.0,24,14,54,340,4,3.2,FEW,10000.0,,,2.0,HZ
VECC,2026-01-31 12:00:00,1016.0,24,14,54,340,4,2.8,FEW,10000.0,,,2.0,HZ
VECC,2026-01-31 12:30:00,1016.0,23,14,57,340,3,2.8,FEW,10000.0,,,2.0,HZ
VECC,2026-01-31 13:00:00,1016.0,23,14,57,330,4,2.8,FEW,10000.0,,,2.0,HZ
VECC,2026-01-31 13:30:00,1017.0,22,14,60,330,3,2.8,FEW,10000.0,,,2.0,HZ
VECC,2026-01-31 14:00:00,1017.0,21,14,64,360,3,2.8,FEW,10000.0,,,2.0,HZ
VECC,2026-01-31 14:30:00,1017.0,21,14,64,350,2,2.8,FEW,10000.0,,,2.0,HZ
VECC,2026-01-31 15:00:00,1017.0,20,14,68,20,2,2.8,FEW,10000.0,,,2.0,HZ
VECC,2026-01-31 15:30:00,1018.0,20,14,68,10,2,2.8,FEW,10000.0,,,2.0,HZ
VECC,2026-01-31 16:00:00,1018.0,20,14,68,10,2,2.6,FEW,10000.0,,,2.0,HZ
VECC,2026-01-31 16:30:00,1018.0,20,14,68,20,2,2.6,FEW,10000.0,,,2.0,HZ
VECC,2026-01-31 17:00:00,1017.0,20,14,68,0,0,2.6,FEW,10000.0,,,2.0,HZ
VECC,2026-01-31 17:30:00,1017.0,19,14,73,360,2,2.6,FEW,10000.0,,,2.0,HZ
VECC,2026-01-31 18:00:00,1017.0,19,14,73,340,2,2.6,FEW,10000.0,,,2.0,HZ
